address	name	description
0x143946BC0	Adventure_RenderMasteryCounts	143947088从资料对象+0xA0读取推荐地下城通关u32；跳转表第0项为143947081，资料由详情块+0x10经143C754D3复制。20260928补账号计数，不与连续登录或迷雾周经验共用
0x145A28720	Dungeon_IsRecommendedForActor	检查147365AC0排除表、147365920最低等级，再1473168B0副本专属范围，缺省1473189D0区域范围；上下界均包含，练习状态146D33370为1时排除。源Event/ConditionEventChkDungeon.evt由145A25C28加载，不按怪物basis level猜范围
0x14394B5F0	Adventure_RenderAccountSummary	14394B8B9读取资料对象+0x58总角色数；14394BA2B读取+0xA4连续登录天数；20260928对应详情块+0x44的u16和+0x14的u32
0x14394D560	Adventure_RenderBestHonor	主力角色区读取资料对象+0xC8的职业、转职、觉醒和显示档；20260928用户2331向量000500000100000001000000，与14111FE1C读取职业代表UI+8及143C6A981转换闭合；保存本账号代表角色ID，详情块+0x38恢复最新状态
0x14111FD40	Adventure_SendBestHonor	14111FE28发送CMD2331；12字节为职业u8、转职u8、觉醒u8、未初始化对齐u8、代表显示值u32、操作u32=1；14111DD40对应btn_auto，使用操作2恢复自动选择
0x143C75BBC	Adventure_RestoreBestHonorSelection	从栈+0x1590（详情块基址+0x180，即块内+0x1410）复制8字节至资料+0x17C；1411209D1比较此处职业/转职恢复选中项，不能只写基本摘要+0x38
0x14111DCA0	Adventure_BestHonorAck	CMD2331成功不读额外字段，只调用14394D560刷新基本信息；必须先通过NOTI1331同步已落档主力角色
0x142E63EF0	Adventure_SendEliteSetting	142E63F69发送CMD1719；142E63F7B/87原样写531字节；+0x0D为u16模式1至4，+0x27为三个i32列表索引，-1空位。20260928实机模式2依次选择1、2、-1及1、-1、-1；前12字节含未初始化值，不可整包落档
0x142E5A4C0	Adventure_ReadEliteSelection	NOTI1754读u8数量及每条531字节，重建设置map，142E5AA9D刷新精锐页；选择变化时发送CMD1811的u16当前模式。设置保存不代表战斗APC已加载
0x142E5C590	Adventure_ConvertEliteIndex	前三个标记+0x10和模板号+0x17只用于额外APC；本账号角色标记为0，保持+0x27列表索引。发送与接收分别转换正向/反向索引
0x143943600	Adventure_RenderEliteSlot	14394382C先用14021ADF0按角色列表索引获取本账号资料，额外模板才走142E5F2C0；恢复设置不依赖战斗演员加载完成
0x142E5A340	Adventure_EliteLoadAck	CMD1811成功不读字段也不解除等待；失败将管理器+0x28清0，错误0x120另有副本处理。未接入战斗APC时须明确拒绝，不能空成功
0x142E5B060	Adventure_EliteLoadDone	NOTI1879读i16模式并清等待；依赖组件2中的已加载演员；142E5B578按设置+0x33+(槽+1)*120读取技能使用列表后调用142E653A0。该120字节不是装备数据，不可仅发1879冒充完整加载
0x142E653A0	Adventure_ApplyEliteSkillUsage	先遍历512个技能对象设置两个开关，再按30个i32技能编号反向设置；对应每名精锐120字节技能使用列表。20260928按当前EXE逐指令核对，不能将NOTI1754该区域全部清零后宣称随行技能完整
0x142E5EDA0	Adventure_CurrentEliteMode	通过145241BF0读取频道类型：68、73、78映射模式2，76映射模式4；BoostUp活动14074CCD0成立时覆盖为模式3；普通频道返回0。频道类型不是副本入场请求mode字段
0x142E60CF0	Adventure_UsesEliteActorComponent	频道类型68、73、74、76、78或BoostUp活动成立时选择精锐APC链路；不能在普通频道直接复用相同队友包
0x145241BF0	Channel_GetType	读取频道管理器+0x11B0；CMD1成功回复正文+3及NOTI2435第4个u32通过1459B4710设置
0x1444FCF90	Handler_TagTournamentCharacterInfo	NOTI1382读取拥有者数及u16拥有者WireID，再读取队友数、每人位置u8、名字、u16身份字段、145962410角色战斗资料及4个u32尾字段；精锐状态使用组件2。身份字段和尾字段业务含义尚未闭合，不可直接全零发包
0x145962410	TagCharacter_ReadBattleInfo	NOTI1382传true：等级、职业/转职、标记、长度前缀属性、特殊槽、外观、1452C1540实例装备、技能及后续附加数据；非普通USERINFO附加结构，不能直接复用后者字节串
0x1401F41E0	TagCharacter_FindRosterIndex	按角色资料名字匹配客户端角色选择列表，返回索引；NOTI1382创建演员后组件列表未给出索引时使用此路径
0x1444FFBC0	Handler_TagTournamentCharacterOptions	NOTI1383按队友位置读取固定2061字节与1411字节选项块；依赖1382已建立演员，现有统一角色选项不可不经字段核对直接截取
0x142A2D230	BlackPurgatory_SendStart	CMD1852无正文；要求状态0、现有队伍及队长/准备条件，当前位置符合源waiting area且入场校验通过。不能只增加频道列表便认为入场可用
0x142A274D0	BlackPurgatory_ReadInfo	NOTI1994固定39字节：u8、u8、8个u32、u8、u32；更新黑鸦状态与计时器。各整数业务语义仍待闭合，不按空包猜测
0x1405674C0	SeasonLevel_ReadDungeonHistory	NOTI2799：u32数量、28字节历史、u32累计经验、u32领奖位图；历史+4来源ID、+8类别、+12次数、+16经验、+24消耗品来源标志。140458072/1404580D0消费次数/经验，140567AC3刷新第6页。20260928 attempt 2/3接真实角色存档，非空历史实机待验
0x140569800	SeasonLevel_ApplyHistory	按main.cos经验阈值计算阶段，1405699ED写当前角色阶段；总经验0映射源表阶段1，不能把显示占位99当作真实阶段
0x14052F020	SeasonLevel_RequestStageReward	CMD2419发送17字节，u32阶段位于+13；前13字节不作为奖励参数
0x14052E740	SeasonLevel_StageRewardReply	CMD2419成功无额外正文，按已恢复的领奖标记刷新窗口；失败3和19有原生提示分支
0x14028D1A0	SeasonLevel_RequestOathEquipment	CMD2405发送u32保留0、u8源装备列表选择索引，共5字节
0x14028AC90	SeasonLevel_OathEquipmentReply	CMD2405成功无额外正文，将获取窗口状态设为3；失败设为4并处理错误码
0x1402889B0	SeasonLevel_ReadOathAcquisitions	NOTI2858读u32数量，每条长度前缀角色名（GBK少于30字节）、u32模板、u32Unix时间；按100加已获取次数更新经理可兑换阶段
0x1476A9EA0	SeasonLevel_ParseContentCategory	源类别normal dungeon=1、higher dungeon=2、legion=3、raid=4、etc=5、oath=6
0x1459350C0	StackableAction_ReadReply	CMD507成功与失败均继续读u16槽位、u8容器、u32动作；1459372E1的357分支访问迷雾经验经理，不能发送缺少这7字节的通用失败体
0x14028BA40	SeasonLevel_ReadOathCost	从源oath cost key取16，经1403B2A60查询Etc/Costs.ctp；当前required item为10403609数量10，gold=-1表示没有金币费用
0x1405693F0	SeasonLevel_InitializeManager	源display max level为100，经理+F0=101、+3C=100；奖励vector每条16字节：阶段、物品、数量、已领奖字节
0x145F069D0	SeasonLevel_SetActorStage	写角色附加对象+0x854；145F01100读并按源上限限制，145CE46F0为actor访问包装；USERINFO和NOTI2799均可更新，恢复顺序需实机核对
0x14045D200	SeasonLevel_RenderStageAttributes	14045D2CE按阶段查属性，阶段0缺定义时14045D2D9提前退出；与14045CFF0图标查找早退共同留下99、9999999等XUI占位值，不能只改显示字符串冒充完整修复
0x145640965	SeasonLevel_ReadBasicActorStage	USERINFO mode0的末尾第三个u32写入info+0x674；145640F44调用145F069D0保存到角色附加对象+0x854。20260928登录及换装投影同步零经验初始阶段1，不再固定0；独立于NOTI2838的深渊引子/誓约档位
0x14045BC80	SeasonLevel_RefreshPage	145CE46F0取得角色阶段，写界面+0x60和+0x5C；14045C520刷新进度、图标与属性。NOTI2799调用此处，缺初始化会保留界面占位而非真实满级
0x143C75472	Adventure_DeriveNextExperience	CMD1395/NOTI1331详情回复按等级+1经147694A30查源表；详情块+0x10是56字节混合账号摘要，禁止写入NOTI1337的next_exp字段。20260927 attempt 2/3移除错误写入；20260928确认+0x14为登录天数、+0x44为总角色数，不能按52字节职业代表解释
0x14563DBF8	Adventure_ReadActorLevel	USERINFO mode1：技能树和额外技能之后，u32列表计数后读取u32冒险团等级；14563DC04调用145D2C790，14563DC0C调用145C9EA10；当前客户端字节核对通过
0x145C9EA10	Adventure_ApplyActorAttributes	读取actor+0x12140等级，经143C70DA0查当前PVF等级属性表，更新actor+0x12130状态；不得再次永久叠加到服务端角色基础四维
0x14599D450	PacketRegistry_RegisterCommand	命令回复注册入口；与同编号通知分开，不能按协议枚举数字混用两张表
0x14599D5D0	PacketRegistry_RegisterNotification	通知注册入口；0x142E43E00注册的是NOTI1806而不是CMD1806，不是新版冒险TAB_OPEN回复
0x14392E390	Adventure_BindWindowTabs	按当前AdventurerWindow2020.xui绑定tab_expedition至窗口+0x998；当前PVF将该标签IsVisible设为false且主窗没有挂载TabAradAdventure
0x143C74700	Adventure_ReadExperience	NOTI1337：u16目标、长度前缀24字节等级/经验/下级需求、四个状态字节
0x143C77460	Adventure_SendPurchase	CMD1406：u8类别、u32商品模板、u32数量
0x143C6C0D0	Adventure_PurchaseReply	成功无额外字段；错误235等级、19限购、22积分、204背包满
0x143949040	Adventure_ShopCurrencyView	账号货币条目是u32余额/u32兑换进度；0x14394916C/174分别读取两者
0x143D59F80	Adventure_ReadExpeditions	CMD433/NOTI1333：u8地区数，地区/状态/起止秒数/属性数组/队员列表
0x143D5C170	Adventure_SendExpedition	CMD434：u8地区、u32秒数、u16队员数，随后每人服务器/职业/转职各u8
0x14792CE20	Adventure_ExpeditionReward	小时档倍率乘人数/属性命中倍率，加0.5转整数后乘源extra rate并截断；UI直接累加该结果为奖励
0x143C76780	Adventure_RequestInfo	当前 DFO.exe：CMD1395 写入 u16 目标角色和 u32 查询类型；类型0先追加类型2查询
0x143C6C960	Adventure_HandleInfoReply	CMD1395 回复：查询类型、u8服务器、u32频道、u16目标角色；类型2读列表后仍调用14259A170读取变长记录和状态尾部；类型0/1读详情
0x143C74D90	Adventure_ReadDetails	读取 YYYYMMDD、四个状态字节、长度前缀结构块、团名、跨区列表及尾字段
0x143C75EC0	Adventure_ApplyRepresentatives	解析100个52字节职业代表和100个3字节收藏；职业转职作为键
0x143C6A900	Adventure_DecodeRepresentative	52字节代表记录转换为UI对象，名字用CP_ACP转宽字符
0x146D77F50	PacketReader_ReadLengthPrefixedBlob	先读u32字节数，再调用0x146EA0BE0原样复制；不是单个整数reader
0x1452C9140	Handler_ChannelIdentity	NOTI2435四个u32：服务器写入0x14E682A58，频道写入0x14E682A60，保留字段及频道类型
0x145257F70	Handler_ServerTimeReply	CMD1960成功后读u32 Unix秒，初始化服务器epoch、系统time32与tick；14525F4EB注册；1459A2D70直接分发，无等待请求依赖
0x145A31670	Request_ServerTime	发送CMD1960，仅包头无请求体；145257F70处理成功回复
0x145A11A50	ServerClock_CurrentSeconds	读取0x14E682A80服务器epoch，加当前tick减0x14E682A90同步tick的经过秒数
0x145A0DAE0	ServerClock_AdjustTimezone	读取服务器时钟，按本地与UTC差、夏令时和传入小时偏移调整，返回供localtime32读取的秒数
0x14259BE40	Adventure_CheckCalendarDay	2026-09-27用户复现栈：类型2回复经过14259A170、1429175D1、14291B1D3；14259BE65未检查localtime32返回值便读取+0x18。attempt 3/3补登录原生时钟同步；用户确认不再闪退，23:31日志确认CMD1960已消费，但另有类型2缺尾部导致CMD217，信息窗尚未验收
0x148ABA030	CRT_LocalTime32Checked	拒绝小于0或大于0x7fffd27f的秒数并返回EINVAL；包装148ABA5F0在错误时返回空指针
0x14259A170	Adventure_ReadRosterTail	类型2列表后的包体reader；双方空记录分支均读u32数量、u32数量、u32状态、i16状态、f32状态共18字节。2026-09-27 23:31:23实机CMD217报告1395越界：旧5516字节明文只有4字节加密填充可读，缺包尾；修正5534字节明文，实机待确认
